{"bgVolume":0.699999988079071,"soundVolume":0.600000023841858,"globalVolume":1.0}